team_home,team_away,home_expectancy_op,away_expectancy_op,success_op,error_op,team_home,team_away,home_expectancy_cls,away_expectancy_cls,success_cls,error_cls
Huracan,Platense,0.8627044251640646,0.649913009590674,True,1.463668351173358e-09,Huracan,Platense,0.8627044251640646,0.649913009590674,True,1.463668351173358e-09
Godoy Cruz,Banfield,0.8315757468789658,0.7152941730941861,True,1.034346950311427e-09,Godoy Cruz,Banfield,0.8315757468789658,0.7152941730941861,True,1.034346950311427e-09
River Plate,Belgrano,1.6003557990094794,0.5930756785221939,True,3.0777025809440245e-10,River Plate,Belgrano,1.6003557990094794,0.5930756785221939,True,3.0777025809440245e-10
Racing Club,Rosario Central,1.2907621259871633,0.7054950234871475,True,1.316960112506047e-10,Racing Club,Rosario Central,1.2907621259871633,0.7054950234871475,True,1.316960112506047e-10
